MeterConsumptionID,StartDate,TypeOfSeason,StartTimestamp
1457394726-0001,2009-07-01,Cooling,0:00:00
1457394726-0002,2009-07-01,Cooling,0:15:00
1457394726-0003,2009-07-01,Cooling,0:30:00
1457394726-0004,2009-07-01,Cooling,0:45:00
1457394726-0005,2009-07-01,Cooling,1:00:00
1457394726-0006,2009-07-01,Cooling,1:15:00
1457394726-0007,2009-07-01,Cooling,1:30:00
1457394726-0008,2009-07-01,Cooling,1:45:00
1457394726-0009,2009-07-01,Cooling,2:00:00
1457394726-0010,2009-07-01,Cooling,2:15:00
1457394726-0011,2009-07-01,Cooling,2:30:00
1457394726-0012,2009-07-01,Cooling,2:45:00
1457394726-0013,2009-07-01,Cooling,3:00:00
1457394726-0014,2009-07-01,Cooling,3:15:00
1457394726-0015,2009-07-01,Cooling,3:30:00
1457394726-0016,2009-07-01,Cooling,3:45:00
1457394726-0017,2009-07-01,Cooling,4:00:00
1457394726-0018,2009-07-01,Cooling,4:15:00
1457394726-0019,2009-07-01,Cooling,4:30:00
1457394726-0020,2009-07-01,Cooling,4:45:00
1457394726-0021,2009-07-01,Cooling,5:00:00
1457394726-0022,2009-07-01,Cooling,5:15:00
1457394726-0023,2009-07-01,Cooling,5:30:00
1457394726-0024,2009-07-01,Cooling,5:45:00
1457394726-0025,2009-07-01,Cooling,6:00:00
1457394726-0026,2009-07-01,Cooling,6:15:00
1457394726-0027,2009-07-01,Cooling,6:30:00
1457394726-0028,2009-07-01,Cooling,6:45:00
1457394726-0029,2009-07-01,Cooling,7:00:00
1457394726-0030,2009-07-01,Cooling,7:15:00
1457394726-0031,2009-07-01,Cooling,7:30:00
1457394726-0032,2009-07-01,Cooling,7:45:00
1457394726-0033,2009-07-01,Cooling,8:00:00
1457394726-0034,2009-07-01,Cooling,8:15:00
1457394726-0035,2009-07-01,Cooling,8:30:00
1457394726-0036,2009-07-01,Cooling,8:45:00
1457394726-0037,2009-07-01,Cooling,9:00:00
1457394726-0038,2009-07-01,Cooling,9:15:00
1457394726-0039,2009-07-01,Cooling,9:30:00
1457394726-0040,2009-07-01,Cooling,9:45:00
1457394726-0041,2009-07-01,Cooling,10:00:00
1457394726-0042,2009-07-01,Cooling,10:15:00
1457394726-0043,2009-07-01,Cooling,10:30:00
1457394726-0044,2009-07-01,Cooling,10:45:00
1457394726-0045,2009-07-01,Cooling,11:00:00
1457394726-0046,2009-07-01,Cooling,11:15:00
1457394726-0047,2009-07-01,Cooling,11:30:00
1457394726-0048,2009-07-01,Cooling,11:45:00
1457394726-0049,2009-07-01,Cooling,12:00:00
1457394726-0050,2009-07-01,Cooling,12:15:00
1457394726-0051,2009-07-01,Cooling,12:30:00
1457394726-0052,2009-07-01,Cooling,12:45:00
1457394726-0053,2009-07-01,Cooling,13:00:00
1457394726-0054,2009-07-01,Cooling,13:15:00
1457394726-0055,2009-07-01,Cooling,13:30:00
1457394726-0056,2009-07-01,Cooling,13:45:00
1457394726-0057,2009-07-01,Cooling,14:00:00
1457394726-0058,2009-07-01,Cooling,14:15:00
1457394726-0059,2009-07-01,Cooling,14:30:00
1457394726-0060,2009-07-01,Cooling,14:45:00
1457394726-0061,2009-07-01,Cooling,15:00:00
1457394726-0062,2009-07-01,Cooling,15:15:00
1457394726-0063,2009-07-01,Cooling,15:30:00
1457394726-0064,2009-07-01,Cooling,15:45:00
1457394726-0065,2009-07-01,Cooling,16:00:00
1457394726-0066,2009-07-01,Cooling,16:15:00
1457394726-0067,2009-07-01,Cooling,16:30:00
1457394726-0068,2009-07-01,Cooling,16:45:00
1457394726-0069,2009-07-01,Cooling,17:00:00
1457394726-0070,2009-07-01,Cooling,17:15:00
1457394726-0071,2009-07-01,Cooling,17:30:00
1457394726-0072,2009-07-01,Cooling,17:45:00
1457394726-0073,2009-07-01,Cooling,18:00:00
1457394726-0074,2009-07-01,Cooling,18:15:00
1457394726-0075,2009-07-01,Cooling,18:30:00
1457394726-0076,2009-07-01,Cooling,18:45:00
1457394726-0077,2009-07-01,Cooling,19:00:00
1457394726-0078,2009-07-01,Cooling,19:15:00
1457394726-0079,2009-07-01,Cooling,19:30:00
1457394726-0080,2009-07-01,Cooling,19:45:00
1457394726-0081,2009-07-01,Cooling,20:00:00
1457394726-0082,2009-07-01,Cooling,20:15:00
1457394726-0083,2009-07-01,Cooling,20:30:00
1457394726-0084,2009-07-01,Cooling,20:45:00
1457394726-0085,2009-07-01,Cooling,21:00:00
1457394726-0086,2009-07-01,Cooling,21:15:00
1457394726-0087,2009-07-01,Cooling,21:30:00
1457394726-0088,2009-07-01,Cooling,21:45:00
1457394726-0089,2009-07-01,Cooling,22:00:00
1457394726-0090,2009-07-01,Cooling,22:15:00
1457394726-0091,2009-07-01,Cooling,22:30:00
1457394726-0092,2009-07-01,Cooling,22:45:00
1457394726-0093,2009-07-01,Cooling,23:00:00
1457394726-0094,2009-07-01,Cooling,23:15:00
1457394726-0095,2009-07-01,Cooling,23:30:00
1457394726-0096,2009-07-01,Cooling,23:45:00
1457394726-0097,2009-07-02,Cooling,0:00:00
1457394726-0098,2009-07-02,Cooling,0:15:00
1457394726-0099,2009-07-02,Cooling,0:30:00
1457394726-0100,2009-07-02,Cooling,0:45:00
1457394726-0101,2009-07-02,Cooling,1:00:00
1457394726-0102,2009-07-02,Cooling,1:15:00
1457394726-0103,2009-07-02,Cooling,1:30:00
1457394726-0104,2009-07-02,Cooling,1:45:00
1457394726-0105,2009-07-02,Cooling,2:00:00
1457394726-0106,2009-07-02,Cooling,2:15:00
1457394726-0107,2009-07-02,Cooling,2:30:00
1457394726-0108,2009-07-02,Cooling,2:45:00
1457394726-0109,2009-07-02,Cooling,3:00:00
1457394726-0110,2009-07-02,Cooling,3:15:00
1457394726-0111,2009-07-02,Cooling,3:30:00
1457394726-0112,2009-07-02,Cooling,3:45:00
1457394726-0113,2009-07-02,Cooling,4:00:00
1457394726-0114,2009-07-02,Cooling,4:15:00
1457394726-0115,2009-07-02,Cooling,4:30:00
1457394726-0116,2009-07-02,Cooling,4:45:00
1457394726-0117,2009-07-02,Cooling,5:00:00
1457394726-0118,2009-07-02,Cooling,5:15:00
1457394726-0119,2009-07-02,Cooling,5:30:00
1457394726-0120,2009-07-02,Cooling,5:45:00
1457394726-0121,2009-07-02,Cooling,6:00:00
1457394726-0122,2009-07-02,Cooling,6:15:00
1457394726-0123,2009-07-02,Cooling,6:30:00
1457394726-0124,2009-07-02,Cooling,6:45:00
1457394726-0125,2009-07-02,Cooling,7:00:00
1457394726-0126,2009-07-02,Cooling,7:15:00
1457394726-0127,2009-07-02,Cooling,7:30:00
1457394726-0128,2009-07-02,Cooling,7:45:00
1457394726-0129,2009-07-02,Cooling,8:00:00
1457394726-0130,2009-07-02,Cooling,8:15:00
1457394726-0131,2009-07-02,Cooling,8:30:00
1457394726-0132,2009-07-02,Cooling,8:45:00
1457394726-0133,2009-07-02,Cooling,9:00:00
1457394726-0134,2009-07-02,Cooling,9:15:00
1457394726-0135,2009-07-02,Cooling,9:30:00
1457394726-0136,2009-07-02,Cooling,9:45:00
1457394726-0137,2009-07-02,Cooling,10:00:00
1457394726-0138,2009-07-02,Cooling,10:15:00
1457394726-0139,2009-07-02,Cooling,10:30:00
1457394726-0140,2009-07-02,Cooling,10:45:00
1457394726-0141,2009-07-02,Cooling,11:00:00
1457394726-0142,2009-07-02,Cooling,11:15:00
1457394726-0143,2009-07-02,Cooling,11:30:00
1457394726-0144,2009-07-02,Cooling,11:45:00
1457394726-0145,2009-07-02,Cooling,12:00:00
1457394726-0146,2009-07-02,Cooling,12:15:00
1457394726-0147,2009-07-02,Cooling,12:30:00
1457394726-0148,2009-07-02,Cooling,12:45:00
1457394726-0149,2009-07-02,Cooling,13:00:00
1457394726-0150,2009-07-02,Cooling,13:15:00
1457394726-0151,2009-07-02,Cooling,13:30:00
1457394726-0152,2009-07-02,Cooling,13:45:00
1457394726-0153,2009-07-02,Cooling,14:00:00
1457394726-0154,2009-07-02,Cooling,14:15:00
1457394726-0155,2009-07-02,Cooling,14:30:00
1457394726-0156,2009-07-02,Cooling,14:45:00
1457394726-0157,2009-07-02,Cooling,15:00:00
1457394726-0158,2009-07-02,Cooling,15:15:00
1457394726-0159,2009-07-02,Cooling,15:30:00
1457394726-0160,2009-07-02,Cooling,15:45:00
1457394726-0161,2009-07-02,Cooling,16:00:00
1457394726-0162,2009-07-02,Cooling,16:15:00
1457394726-0163,2009-07-02,Cooling,16:30:00
1457394726-0164,2009-07-02,Cooling,16:45:00
1457394726-0165,2009-07-02,Cooling,17:00:00
1457394726-0166,2009-07-02,Cooling,17:15:00
1457394726-0167,2009-07-02,Cooling,17:30:00
1457394726-0168,2009-07-02,Cooling,17:45:00
1457394726-0169,2009-07-02,Cooling,18:00:00
1457394726-0170,2009-07-02,Cooling,18:15:00
1457394726-0171,2009-07-02,Cooling,18:30:00
1457394726-0172,2009-07-02,Cooling,18:45:00
1457394726-0173,2009-07-02,Cooling,19:00:00
1457394726-0174,2009-07-02,Cooling,19:15:00
1457394726-0175,2009-07-02,Cooling,19:30:00
1457394726-0176,2009-07-02,Cooling,19:45:00
1457394726-0177,2009-07-02,Cooling,20:00:00
1457394726-0178,2009-07-02,Cooling,20:15:00
1457394726-0179,2009-07-02,Cooling,20:30:00
1457394726-0180,2009-07-02,Cooling,20:45:00
1457394726-0181,2009-07-02,Cooling,21:00:00
1457394726-0182,2009-07-02,Cooling,21:15:00
1457394726-0183,2009-07-02,Cooling,21:30:00
1457394726-0184,2009-07-02,Cooling,21:45:00
1457394726-0185,2009-07-02,Cooling,22:00:00
1457394726-0186,2009-07-02,Cooling,22:15:00
1457394726-0187,2009-07-02,Cooling,22:30:00
1457394726-0188,2009-07-02,Cooling,22:45:00
1457394726-0189,2009-07-02,Cooling,23:00:00
1457394726-0190,2009-07-02,Cooling,23:15:00
1457394726-0191,2009-07-02,Cooling,23:30:00
1457394726-0192,2009-07-02,Cooling,23:45:00
1457394726-0193,2009-07-03,Cooling,0:00:00
1457394726-0194,2009-07-03,Cooling,0:15:00
1457394726-0195,2009-07-03,Cooling,0:30:00
1457394726-0196,2009-07-03,Cooling,0:45:00
1457394726-0197,2009-07-03,Cooling,1:00:00
1457394726-0198,2009-07-03,Cooling,1:15:00
1457394726-0199,2009-07-03,Cooling,1:30:00
1457394726-0200,2009-07-03,Cooling,1:45:00
1457394726-0201,2009-07-03,Cooling,2:00:00
1457394726-0202,2009-07-03,Cooling,2:15:00
1457394726-0203,2009-07-03,Cooling,2:30:00
1457394726-0204,2009-07-03,Cooling,2:45:00
1457394726-0205,2009-07-03,Cooling,3:00:00
1457394726-0206,2009-07-03,Cooling,3:15:00
1457394726-0207,2009-07-03,Cooling,3:30:00
1457394726-0208,2009-07-03,Cooling,3:45:00
1457394726-0209,2009-07-03,Cooling,4:00:00
1457394726-0210,2009-07-03,Cooling,4:15:00
1457394726-0211,2009-07-03,Cooling,4:30:00
1457394726-0212,2009-07-03,Cooling,4:45:00
1457394726-0213,2009-07-03,Cooling,5:00:00
1457394726-0214,2009-07-03,Cooling,5:15:00
1457394726-0215,2009-07-03,Cooling,5:30:00
1457394726-0216,2009-07-03,Cooling,5:45:00
1457394726-0217,2009-07-03,Cooling,6:00:00
1457394726-0218,2009-07-03,Cooling,6:15:00
1457394726-0219,2009-07-03,Cooling,6:30:00
1457394726-0220,2009-07-03,Cooling,6:45:00
1457394726-0221,2009-07-03,Cooling,7:00:00
1457394726-0222,2009-07-03,Cooling,7:15:00
1457394726-0223,2009-07-03,Cooling,7:30:00
1457394726-0224,2009-07-03,Cooling,7:45:00
1457394726-0225,2009-07-03,Cooling,8:00:00
1457394726-0226,2009-07-03,Cooling,8:15:00
1457394726-0227,2009-07-03,Cooling,8:30:00
1457394726-0228,2009-07-03,Cooling,8:45:00
1457394726-0229,2009-07-03,Cooling,9:00:00
1457394726-0230,2009-07-03,Cooling,9:15:00
1457394726-0231,2009-07-03,Cooling,9:30:00
1457394726-0232,2009-07-03,Cooling,9:45:00
1457394726-0233,2009-07-03,Cooling,10:00:00
1457394726-0234,2009-07-03,Cooling,10:15:00
1457394726-0235,2009-07-03,Cooling,10:30:00
1457394726-0236,2009-07-03,Cooling,10:45:00
1457394726-0237,2009-07-03,Cooling,11:00:00
1457394726-0238,2009-07-03,Cooling,11:15:00
1457394726-0239,2009-07-03,Cooling,11:30:00
1457394726-0240,2009-07-03,Cooling,11:45:00
1457394726-0241,2009-07-03,Cooling,12:00:00
1457394726-0242,2009-07-03,Cooling,12:15:00
1457394726-0243,2009-07-03,Cooling,12:30:00
1457394726-0244,2009-07-03,Cooling,12:45:00
1457394726-0245,2009-07-03,Cooling,13:00:00
1457394726-0246,2009-07-03,Cooling,13:15:00
1457394726-0247,2009-07-03,Cooling,13:30:00
1457394726-0248,2009-07-03,Cooling,13:45:00
1457394726-0249,2009-07-03,Cooling,14:00:00
1457394726-0250,2009-07-03,Cooling,14:15:00
1457394726-0251,2009-07-03,Cooling,14:30:00
1457394726-0252,2009-07-03,Cooling,14:45:00
1457394726-0253,2009-07-03,Cooling,15:00:00
1457394726-0254,2009-07-03,Cooling,15:15:00
1457394726-0255,2009-07-03,Cooling,15:30:00
1457394726-0256,2009-07-03,Cooling,15:45:00
1457394726-0257,2009-07-03,Cooling,16:00:00
1457394726-0258,2009-07-03,Cooling,16:15:00
1457394726-0259,2009-07-03,Cooling,16:30:00
1457394726-0260,2009-07-03,Cooling,16:45:00
1457394726-0261,2009-07-03,Cooling,17:00:00
1457394726-0262,2009-07-03,Cooling,17:15:00
1457394726-0263,2009-07-03,Cooling,17:30:00
1457394726-0264,2009-07-03,Cooling,17:45:00
1457394726-0265,2009-07-03,Cooling,18:00:00
1457394726-0266,2009-07-03,Cooling,18:15:00
1457394726-0267,2009-07-03,Cooling,18:30:00
1457394726-0268,2009-07-03,Cooling,18:45:00
1457394726-0269,2009-07-03,Cooling,19:00:00
1457394726-0270,2009-07-03,Cooling,19:15:00
1457394726-0271,2009-07-03,Cooling,19:30:00
1457394726-0272,2009-07-03,Cooling,19:45:00
1457394726-0273,2009-07-03,Cooling,20:00:00
1457394726-0274,2009-07-03,Cooling,20:15:00
1457394726-0275,2009-07-03,Cooling,20:30:00
1457394726-0276,2009-07-03,Cooling,20:45:00
1457394726-0277,2009-07-03,Cooling,21:00:00
1457394726-0278,2009-07-03,Cooling,21:15:00
1457394726-0279,2009-07-03,Cooling,21:30:00
1457394726-0280,2009-07-03,Cooling,21:45:00
1457394726-0281,2009-07-03,Cooling,22:00:00
1457394726-0282,2009-07-03,Cooling,22:15:00
1457394726-0283,2009-07-03,Cooling,22:30:00
1457394726-0284,2009-07-03,Cooling,22:45:00
1457394726-0285,2009-07-03,Cooling,23:00:00
1457394726-0286,2009-07-03,Cooling,23:15:00
1457394726-0287,2009-07-03,Cooling,23:30:00
1457394726-0288,2009-07-03,Cooling,23:45:00
1457394726-0289,2009-07-04,Cooling,0:00:00
1457394726-0290,2009-07-04,Cooling,0:15:00
1457394726-0291,2009-07-04,Cooling,0:30:00
1457394726-0292,2009-07-04,Cooling,0:45:00
1457394726-0293,2009-07-04,Cooling,1:00:00
1457394726-0294,2009-07-04,Cooling,1:15:00
1457394726-0295,2009-07-04,Cooling,1:30:00
1457394726-0296,2009-07-04,Cooling,1:45:00
1457394726-0297,2009-07-04,Cooling,2:00:00
1457394726-0298,2009-07-04,Cooling,2:15:00
1457394726-0299,2009-07-04,Cooling,2:30:00
1457394726-0300,2009-07-04,Cooling,2:45:00
1457394726-0301,2009-07-04,Cooling,3:00:00
1457394726-0302,2009-07-04,Cooling,3:15:00
1457394726-0303,2009-07-04,Cooling,3:30:00
1457394726-0304,2009-07-04,Cooling,3:45:00
1457394726-0305,2009-07-04,Cooling,4:00:00
1457394726-0306,2009-07-04,Cooling,4:15:00
1457394726-0307,2009-07-04,Cooling,4:30:00
1457394726-0308,2009-07-04,Cooling,4:45:00
1457394726-0309,2009-07-04,Cooling,5:00:00
1457394726-0310,2009-07-04,Cooling,5:15:00
1457394726-0311,2009-07-04,Cooling,5:30:00
1457394726-0312,2009-07-04,Cooling,5:45:00
1457394726-0313,2009-07-04,Cooling,6:00:00
1457394726-0314,2009-07-04,Cooling,6:15:00
1457394726-0315,2009-07-04,Cooling,6:30:00
1457394726-0316,2009-07-04,Cooling,6:45:00
1457394726-0317,2009-07-04,Cooling,7:00:00
1457394726-0318,2009-07-04,Cooling,7:15:00
1457394726-0319,2009-07-04,Cooling,7:30:00
1457394726-0320,2009-07-04,Cooling,7:45:00
1457394726-0321,2009-07-04,Cooling,8:00:00
1457394726-0322,2009-07-04,Cooling,8:15:00
1457394726-0323,2009-07-04,Cooling,8:30:00
1457394726-0324,2009-07-04,Cooling,8:45:00
1457394726-0325,2009-07-04,Cooling,9:00:00
1457394726-0326,2009-07-04,Cooling,9:15:00
1457394726-0327,2009-07-04,Cooling,9:30:00
1457394726-0328,2009-07-04,Cooling,9:45:00
1457394726-0329,2009-07-04,Cooling,10:00:00
1457394726-0330,2009-07-04,Cooling,10:15:00
1457394726-0331,2009-07-04,Cooling,10:30:00
1457394726-0332,2009-07-04,Cooling,10:45:00
1457394726-0333,2009-07-04,Cooling,11:00:00
1457394726-0334,2009-07-04,Cooling,11:15:00
1457394726-0335,2009-07-04,Cooling,11:30:00
1457394726-0336,2009-07-04,Cooling,11:45:00
1457394726-0337,2009-07-04,Cooling,12:00:00
1457394726-0338,2009-07-04,Cooling,12:15:00
1457394726-0339,2009-07-04,Cooling,12:30:00
1457394726-0340,2009-07-04,Cooling,12:45:00
1457394726-0341,2009-07-04,Cooling,13:00:00
1457394726-0342,2009-07-04,Cooling,13:15:00
1457394726-0343,2009-07-04,Cooling,13:30:00
1457394726-0344,2009-07-04,Cooling,13:45:00
1457394726-0345,2009-07-04,Cooling,14:00:00
1457394726-0346,2009-07-04,Cooling,14:15:00
1457394726-0347,2009-07-04,Cooling,14:30:00
1457394726-0348,2009-07-04,Cooling,14:45:00
1457394726-0349,2009-07-04,Cooling,15:00:00
1457394726-0350,2009-07-04,Cooling,15:15:00
1457394726-0351,2009-07-04,Cooling,15:30:00
1457394726-0352,2009-07-04,Cooling,15:45:00
1457394726-0353,2009-07-04,Cooling,16:00:00
1457394726-0354,2009-07-04,Cooling,16:15:00
1457394726-0355,2009-07-04,Cooling,16:30:00
1457394726-0356,2009-07-04,Cooling,16:45:00
1457394726-0357,2009-07-04,Cooling,17:00:00
1457394726-0358,2009-07-04,Cooling,17:15:00
1457394726-0359,2009-07-04,Cooling,17:30:00
1457394726-0360,2009-07-04,Cooling,17:45:00
1457394726-0361,2009-07-04,Cooling,18:00:00
1457394726-0362,2009-07-04,Cooling,18:15:00
1457394726-0363,2009-07-04,Cooling,18:30:00
1457394726-0364,2009-07-04,Cooling,18:45:00
1457394726-0365,2009-07-04,Cooling,19:00:00
1457394726-0366,2009-07-04,Cooling,19:15:00
1457394726-0367,2009-07-04,Cooling,19:30:00
1457394726-0368,2009-07-04,Cooling,19:45:00
1457394726-0369,2009-07-04,Cooling,20:00:00
1457394726-0370,2009-07-04,Cooling,20:15:00
1457394726-0371,2009-07-04,Cooling,20:30:00
1457394726-0372,2009-07-04,Cooling,20:45:00
1457394726-0373,2009-07-04,Cooling,21:00:00
1457394726-0374,2009-07-04,Cooling,21:15:00
1457394726-0375,2009-07-04,Cooling,21:30:00
1457394726-0376,2009-07-04,Cooling,21:45:00
1457394726-0377,2009-07-04,Cooling,22:00:00
1457394726-0378,2009-07-04,Cooling,22:15:00
1457394726-0379,2009-07-04,Cooling,22:30:00
1457394726-0380,2009-07-04,Cooling,22:45:00
1457394726-0381,2009-07-04,Cooling,23:00:00
1457394726-0382,2009-07-04,Cooling,23:15:00
1457394726-0383,2009-07-04,Cooling,23:30:00
1457394726-0384,2009-07-04,Cooling,23:45:00
1457394726-0385,2009-07-05,Cooling,0:00:00
1457394726-0386,2009-07-05,Cooling,0:15:00
1457394726-0387,2009-07-05,Cooling,0:30:00
1457394726-0388,2009-07-05,Cooling,0:45:00
1457394726-0389,2009-07-05,Cooling,1:00:00
1457394726-0390,2009-07-05,Cooling,1:15:00
1457394726-0391,2009-07-05,Cooling,1:30:00
1457394726-0392,2009-07-05,Cooling,1:45:00
1457394726-0393,2009-07-05,Cooling,2:00:00
1457394726-0394,2009-07-05,Cooling,2:15:00
1457394726-0395,2009-07-05,Cooling,2:30:00
1457394726-0396,2009-07-05,Cooling,2:45:00
1457394726-0397,2009-07-05,Cooling,3:00:00
1457394726-0398,2009-07-05,Cooling,3:15:00
1457394726-0399,2009-07-05,Cooling,3:30:00
1457394726-0400,2009-07-05,Cooling,3:45:00
1457394726-0401,2009-07-05,Cooling,4:00:00
1457394726-0402,2009-07-05,Cooling,4:15:00
1457394726-0403,2009-07-05,Cooling,4:30:00
1457394726-0404,2009-07-05,Cooling,4:45:00
1457394726-0405,2009-07-05,Cooling,5:00:00
1457394726-0406,2009-07-05,Cooling,5:15:00
1457394726-0407,2009-07-05,Cooling,5:30:00
1457394726-0408,2009-07-05,Cooling,5:45:00
1457394726-0409,2009-07-05,Cooling,6:00:00
1457394726-0410,2009-07-05,Cooling,6:15:00
1457394726-0411,2009-07-05,Cooling,6:30:00
1457394726-0412,2009-07-05,Cooling,6:45:00
1457394726-0413,2009-07-05,Cooling,7:00:00
1457394726-0414,2009-07-05,Cooling,7:15:00
1457394726-0415,2009-07-05,Cooling,7:30:00
1457394726-0416,2009-07-05,Cooling,7:45:00
1457394726-0417,2009-07-05,Cooling,8:00:00
1457394726-0418,2009-07-05,Cooling,8:15:00
1457394726-0419,2009-07-05,Cooling,8:30:00
1457394726-0420,2009-07-05,Cooling,8:45:00
1457394726-0421,2009-07-05,Cooling,9:00:00
1457394726-0422,2009-07-05,Cooling,9:15:00
1457394726-0423,2009-07-05,Cooling,9:30:00
1457394726-0424,2009-07-05,Cooling,9:45:00
1457394726-0425,2009-07-05,Cooling,10:00:00
1457394726-0426,2009-07-05,Cooling,10:15:00
1457394726-0427,2009-07-05,Cooling,10:30:00
1457394726-0428,2009-07-05,Cooling,10:45:00
1457394726-0429,2009-07-05,Cooling,11:00:00
1457394726-0430,2009-07-05,Cooling,11:15:00
1457394726-0431,2009-07-05,Cooling,11:30:00
1457394726-0432,2009-07-05,Cooling,11:45:00
1457394726-0433,2009-07-05,Cooling,12:00:00
1457394726-0434,2009-07-05,Cooling,12:15:00
1457394726-0435,2009-07-05,Cooling,12:30:00
1457394726-0436,2009-07-05,Cooling,12:45:00
1457394726-0437,2009-07-05,Cooling,13:00:00
1457394726-0438,2009-07-05,Cooling,13:15:00
1457394726-0439,2009-07-05,Cooling,13:30:00
1457394726-0440,2009-07-05,Cooling,13:45:00
1457394726-0441,2009-07-05,Cooling,14:00:00
1457394726-0442,2009-07-05,Cooling,14:15:00
1457394726-0443,2009-07-05,Cooling,14:30:00
1457394726-0444,2009-07-05,Cooling,14:45:00
1457394726-0445,2009-07-05,Cooling,15:00:00
1457394726-0446,2009-07-05,Cooling,15:15:00
1457394726-0447,2009-07-05,Cooling,15:30:00
1457394726-0448,2009-07-05,Cooling,15:45:00
1457394726-0449,2009-07-05,Cooling,16:00:00
1457394726-0450,2009-07-05,Cooling,16:15:00
1457394726-0451,2009-07-05,Cooling,16:30:00
1457394726-0452,2009-07-05,Cooling,16:45:00
1457394726-0453,2009-07-05,Cooling,17:00:00
1457394726-0454,2009-07-05,Cooling,17:15:00
1457394726-0455,2009-07-05,Cooling,17:30:00
1457394726-0456,2009-07-05,Cooling,17:45:00
1457394726-0457,2009-07-05,Cooling,18:00:00
1457394726-0458,2009-07-05,Cooling,18:15:00
1457394726-0459,2009-07-05,Cooling,18:30:00
1457394726-0460,2009-07-05,Cooling,18:45:00
1457394726-0461,2009-07-05,Cooling,19:00:00
1457394726-0462,2009-07-05,Cooling,19:15:00
1457394726-0463,2009-07-05,Cooling,19:30:00
1457394726-0464,2009-07-05,Cooling,19:45:00
1457394726-0465,2009-07-05,Cooling,20:00:00
1457394726-0466,2009-07-05,Cooling,20:15:00
1457394726-0467,2009-07-05,Cooling,20:30:00
1457394726-0468,2009-07-05,Cooling,20:45:00
1457394726-0469,2009-07-05,Cooling,21:00:00
1457394726-0470,2009-07-05,Cooling,21:15:00
1457394726-0471,2009-07-05,Cooling,21:30:00
1457394726-0472,2009-07-05,Cooling,21:45:00
1457394726-0473,2009-07-05,Cooling,22:00:00
1457394726-0474,2009-07-05,Cooling,22:15:00
1457394726-0475,2009-07-05,Cooling,22:30:00
1457394726-0476,2009-07-05,Cooling,22:45:00
1457394726-0477,2009-07-05,Cooling,23:00:00
1457394726-0478,2009-07-05,Cooling,23:15:00
1457394726-0479,2009-07-05,Cooling,23:30:00
1457394726-0480,2009-07-05,Cooling,23:45:00
1457394726-0481,2009-07-06,Cooling,0:00:00
1457394726-0482,2009-07-06,Cooling,0:15:00
1457394726-0483,2009-07-06,Cooling,0:30:00
1457394726-0484,2009-07-06,Cooling,0:45:00
1457394726-0485,2009-07-06,Cooling,1:00:00
1457394726-0486,2009-07-06,Cooling,1:15:00
1457394726-0487,2009-07-06,Cooling,1:30:00
1457394726-0488,2009-07-06,Cooling,1:45:00
1457394726-0489,2009-07-06,Cooling,2:00:00
1457394726-0490,2009-07-06,Cooling,2:15:00
1457394726-0491,2009-07-06,Cooling,2:30:00
1457394726-0492,2009-07-06,Cooling,2:45:00
1457394726-0493,2009-07-06,Cooling,3:00:00
1457394726-0494,2009-07-06,Cooling,3:15:00
1457394726-0495,2009-07-06,Cooling,3:30:00
1457394726-0496,2009-07-06,Cooling,3:45:00
1457394726-0497,2009-07-06,Cooling,4:00:00
1457394726-0498,2009-07-06,Cooling,4:15:00
1457394726-0499,2009-07-06,Cooling,4:30:00
1457394726-0500,2009-07-06,Cooling,4:45:00
1457394726-0501,2009-07-06,Cooling,5:00:00
1457394726-0502,2009-07-06,Cooling,5:15:00
1457394726-0503,2009-07-06,Cooling,5:30:00
1457394726-0504,2009-07-06,Cooling,5:45:00
1457394726-0505,2009-07-06,Cooling,6:00:00
1457394726-0506,2009-07-06,Cooling,6:15:00
1457394726-0507,2009-07-06,Cooling,6:30:00
1457394726-0508,2009-07-06,Cooling,6:45:00
1457394726-0509,2009-07-06,Cooling,7:00:00
1457394726-0510,2009-07-06,Cooling,7:15:00
1457394726-0511,2009-07-06,Cooling,7:30:00
1457394726-0512,2009-07-06,Cooling,7:45:00
1457394726-0513,2009-07-06,Cooling,8:00:00
1457394726-0514,2009-07-06,Cooling,8:15:00
1457394726-0515,2009-07-06,Cooling,8:30:00
1457394726-0516,2009-07-06,Cooling,8:45:00
1457394726-0517,2009-07-06,Cooling,9:00:00
1457394726-0518,2009-07-06,Cooling,9:15:00
1457394726-0519,2009-07-06,Cooling,9:30:00
1457394726-0520,2009-07-06,Cooling,9:45:00
1457394726-0521,2009-07-06,Cooling,10:00:00
1457394726-0522,2009-07-06,Cooling,10:15:00
1457394726-0523,2009-07-06,Cooling,10:30:00
1457394726-0524,2009-07-06,Cooling,10:45:00
1457394726-0525,2009-07-06,Cooling,11:00:00
1457394726-0526,2009-07-06,Cooling,11:15:00
1457394726-0527,2009-07-06,Cooling,11:30:00
1457394726-0528,2009-07-06,Cooling,11:45:00
1457394726-0529,2009-07-06,Cooling,12:00:00
1457394726-0530,2009-07-06,Cooling,12:15:00
1457394726-0531,2009-07-06,Cooling,12:30:00
1457394726-0532,2009-07-06,Cooling,12:45:00
1457394726-0533,2009-07-06,Cooling,13:00:00
1457394726-0534,2009-07-06,Cooling,13:15:00
1457394726-0535,2009-07-06,Cooling,13:30:00
1457394726-0536,2009-07-06,Cooling,13:45:00
1457394726-0537,2009-07-06,Cooling,14:00:00
1457394726-0538,2009-07-06,Cooling,14:15:00
1457394726-0539,2009-07-06,Cooling,14:30:00
1457394726-0540,2009-07-06,Cooling,14:45:00
1457394726-0541,2009-07-06,Cooling,15:00:00
1457394726-0542,2009-07-06,Cooling,15:15:00
1457394726-0543,2009-07-06,Cooling,15:30:00
1457394726-0544,2009-07-06,Cooling,15:45:00
1457394726-0545,2009-07-06,Cooling,16:00:00
1457394726-0546,2009-07-06,Cooling,16:15:00
1457394726-0547,2009-07-06,Cooling,16:30:00
1457394726-0548,2009-07-06,Cooling,16:45:00
1457394726-0549,2009-07-06,Cooling,17:00:00
1457394726-0550,2009-07-06,Cooling,17:15:00
1457394726-0551,2009-07-06,Cooling,17:30:00
1457394726-0552,2009-07-06,Cooling,17:45:00
1457394726-0553,2009-07-06,Cooling,18:00:00
1457394726-0554,2009-07-06,Cooling,18:15:00
1457394726-0555,2009-07-06,Cooling,18:30:00
1457394726-0556,2009-07-06,Cooling,18:45:00
1457394726-0557,2009-07-06,Cooling,19:00:00
1457394726-0558,2009-07-06,Cooling,19:15:00
1457394726-0559,2009-07-06,Cooling,19:30:00
1457394726-0560,2009-07-06,Cooling,19:45:00
1457394726-0561,2009-07-06,Cooling,20:00:00
1457394726-0562,2009-07-06,Cooling,20:15:00
1457394726-0563,2009-07-06,Cooling,20:30:00
1457394726-0564,2009-07-06,Cooling,20:45:00
1457394726-0565,2009-07-06,Cooling,21:00:00
1457394726-0566,2009-07-06,Cooling,21:15:00
1457394726-0567,2009-07-06,Cooling,21:30:00
1457394726-0568,2009-07-06,Cooling,21:45:00
1457394726-0569,2009-07-06,Cooling,22:00:00
1457394726-0570,2009-07-06,Cooling,22:15:00
1457394726-0571,2009-07-06,Cooling,22:30:00
1457394726-0572,2009-07-06,Cooling,22:45:00
1457394726-0573,2009-07-06,Cooling,23:00:00
1457394726-0574,2009-07-06,Cooling,23:15:00
1457394726-0575,2009-07-06,Cooling,23:30:00
1457394726-0576,2009-07-06,Cooling,23:45:00
1457394726-0577,2009-07-07,Cooling,0:00:00
1457394726-0578,2009-07-07,Cooling,0:15:00
1457394726-0579,2009-07-07,Cooling,0:30:00
1457394726-0580,2009-07-07,Cooling,0:45:00
1457394726-0581,2009-07-07,Cooling,1:00:00
1457394726-0582,2009-07-07,Cooling,1:15:00
1457394726-0583,2009-07-07,Cooling,1:30:00
1457394726-0584,2009-07-07,Cooling,1:45:00
1457394726-0585,2009-07-07,Cooling,2:00:00
1457394726-0586,2009-07-07,Cooling,2:15:00
1457394726-0587,2009-07-07,Cooling,2:30:00
1457394726-0588,2009-07-07,Cooling,2:45:00
1457394726-0589,2009-07-07,Cooling,3:00:00
1457394726-0590,2009-07-07,Cooling,3:15:00
1457394726-0591,2009-07-07,Cooling,3:30:00
1457394726-0592,2009-07-07,Cooling,3:45:00
1457394726-0593,2009-07-07,Cooling,4:00:00
1457394726-0594,2009-07-07,Cooling,4:15:00
1457394726-0595,2009-07-07,Cooling,4:30:00
1457394726-0596,2009-07-07,Cooling,4:45:00
1457394726-0597,2009-07-07,Cooling,5:00:00
1457394726-0598,2009-07-07,Cooling,5:15:00
1457394726-0599,2009-07-07,Cooling,5:30:00
1457394726-0600,2009-07-07,Cooling,5:45:00
1457394726-0601,2009-07-07,Cooling,6:00:00
1457394726-0602,2009-07-07,Cooling,6:15:00
1457394726-0603,2009-07-07,Cooling,6:30:00
1457394726-0604,2009-07-07,Cooling,6:45:00
1457394726-0605,2009-07-07,Cooling,7:00:00
1457394726-0606,2009-07-07,Cooling,7:15:00
1457394726-0607,2009-07-07,Cooling,7:30:00
1457394726-0608,2009-07-07,Cooling,7:45:00
1457394726-0609,2009-07-07,Cooling,8:00:00
1457394726-0610,2009-07-07,Cooling,8:15:00
1457394726-0611,2009-07-07,Cooling,8:30:00
1457394726-0612,2009-07-07,Cooling,8:45:00
1457394726-0613,2009-07-07,Cooling,9:00:00
1457394726-0614,2009-07-07,Cooling,9:15:00
1457394726-0615,2009-07-07,Cooling,9:30:00
1457394726-0616,2009-07-07,Cooling,9:45:00
1457394726-0617,2009-07-07,Cooling,10:00:00
1457394726-0618,2009-07-07,Cooling,10:15:00
1457394726-0619,2009-07-07,Cooling,10:30:00
1457394726-0620,2009-07-07,Cooling,10:45:00
1457394726-0621,2009-07-07,Cooling,11:00:00
1457394726-0622,2009-07-07,Cooling,11:15:00
1457394726-0623,2009-07-07,Cooling,11:30:00
1457394726-0624,2009-07-07,Cooling,11:45:00
1457394726-0625,2009-07-07,Cooling,12:00:00
1457394726-0626,2009-07-07,Cooling,12:15:00
1457394726-0627,2009-07-07,Cooling,12:30:00
1457394726-0628,2009-07-07,Cooling,12:45:00
1457394726-0629,2009-07-07,Cooling,13:00:00
1457394726-0630,2009-07-07,Cooling,13:15:00
1457394726-0631,2009-07-07,Cooling,13:30:00
1457394726-0632,2009-07-07,Cooling,13:45:00
1457394726-0633,2009-07-07,Cooling,14:00:00
1457394726-0634,2009-07-07,Cooling,14:15:00
1457394726-0635,2009-07-07,Cooling,14:30:00
1457394726-0636,2009-07-07,Cooling,14:45:00
1457394726-0637,2009-07-07,Cooling,15:00:00
1457394726-0638,2009-07-07,Cooling,15:15:00
1457394726-0639,2009-07-07,Cooling,15:30:00
1457394726-0640,2009-07-07,Cooling,15:45:00
1457394726-0641,2009-07-07,Cooling,16:00:00
1457394726-0642,2009-07-07,Cooling,16:15:00
1457394726-0643,2009-07-07,Cooling,16:30:00
1457394726-0644,2009-07-07,Cooling,16:45:00
1457394726-0645,2009-07-07,Cooling,17:00:00
1457394726-0646,2009-07-07,Cooling,17:15:00
1457394726-0647,2009-07-07,Cooling,17:30:00
1457394726-0648,2009-07-07,Cooling,17:45:00
1457394726-0649,2009-07-07,Cooling,18:00:00
1457394726-0650,2009-07-07,Cooling,18:15:00
1457394726-0651,2009-07-07,Cooling,18:30:00
1457394726-0652,2009-07-07,Cooling,18:45:00
1457394726-0653,2009-07-07,Cooling,19:00:00
1457394726-0654,2009-07-07,Cooling,19:15:00
1457394726-0655,2009-07-07,Cooling,19:30:00
1457394726-0656,2009-07-07,Cooling,19:45:00
1457394726-0657,2009-07-07,Cooling,20:00:00
1457394726-0658,2009-07-07,Cooling,20:15:00
1457394726-0659,2009-07-07,Cooling,20:30:00
1457394726-0660,2009-07-07,Cooling,20:45:00
1457394726-0661,2009-07-07,Cooling,21:00:00
1457394726-0662,2009-07-07,Cooling,21:15:00
1457394726-0663,2009-07-07,Cooling,21:30:00
1457394726-0664,2009-07-07,Cooling,21:45:00
1457394726-0665,2009-07-07,Cooling,22:00:00
1457394726-0666,2009-07-07,Cooling,22:15:00
1457394726-0667,2009-07-07,Cooling,22:30:00
1457394726-0668,2009-07-07,Cooling,22:45:00
1457394726-0669,2009-07-07,Cooling,23:00:00
1457394726-0670,2009-07-07,Cooling,23:15:00
1457394726-0671,2009-07-07,Cooling,23:30:00
1457394726-0672,2009-07-07,Cooling,23:45:00
1457394726-0673,2009-07-08,Cooling,0:00:00
1457394726-0674,2009-07-08,Cooling,0:15:00
1457394726-0675,2009-07-08,Cooling,0:30:00
1457394726-0676,2009-07-08,Cooling,0:45:00
1457394726-0677,2009-07-08,Cooling,1:00:00
1457394726-0678,2009-07-08,Cooling,1:15:00
1457394726-0679,2009-07-08,Cooling,1:30:00
1457394726-0680,2009-07-08,Cooling,1:45:00
1457394726-0681,2009-07-08,Cooling,2:00:00
1457394726-0682,2009-07-08,Cooling,2:15:00
1457394726-0683,2009-07-08,Cooling,2:30:00
1457394726-0684,2009-07-08,Cooling,2:45:00
1457394726-0685,2009-07-08,Cooling,3:00:00
1457394726-0686,2009-07-08,Cooling,3:15:00
1457394726-0687,2009-07-08,Cooling,3:30:00
1457394726-0688,2009-07-08,Cooling,3:45:00
1457394726-0689,2009-07-08,Cooling,4:00:00
1457394726-0690,2009-07-08,Cooling,4:15:00
1457394726-0691,2009-07-08,Cooling,4:30:00
1457394726-0692,2009-07-08,Cooling,4:45:00
1457394726-0693,2009-07-08,Cooling,5:00:00
1457394726-0694,2009-07-08,Cooling,5:15:00
1457394726-0695,2009-07-08,Cooling,5:30:00
1457394726-0696,2009-07-08,Cooling,5:45:00
1457394726-0697,2009-07-08,Cooling,6:00:00
1457394726-0698,2009-07-08,Cooling,6:15:00
1457394726-0699,2009-07-08,Cooling,6:30:00
1457394726-0700,2009-07-08,Cooling,6:45:00
1457394726-0701,2009-07-08,Cooling,7:00:00
1457394726-0702,2009-07-08,Cooling,7:15:00
1457394726-0703,2009-07-08,Cooling,7:30:00
1457394726-0704,2009-07-08,Cooling,7:45:00
1457394726-0705,2009-07-08,Cooling,8:00:00
1457394726-0706,2009-07-08,Cooling,8:15:00
1457394726-0707,2009-07-08,Cooling,8:30:00
1457394726-0708,2009-07-08,Cooling,8:45:00
1457394726-0709,2009-07-08,Cooling,9:00:00
1457394726-0710,2009-07-08,Cooling,9:15:00
1457394726-0711,2009-07-08,Cooling,9:30:00
1457394726-0712,2009-07-08,Cooling,9:45:00
1457394726-0713,2009-07-08,Cooling,10:00:00
1457394726-0714,2009-07-08,Cooling,10:15:00
1457394726-0715,2009-07-08,Cooling,10:30:00
1457394726-0716,2009-07-08,Cooling,10:45:00
1457394726-0717,2009-07-08,Cooling,11:00:00
1457394726-0718,2009-07-08,Cooling,11:15:00
1457394726-0719,2009-07-08,Cooling,11:30:00
1457394726-0720,2009-07-08,Cooling,11:45:00
1457394726-0721,2009-07-08,Cooling,12:00:00
1457394726-0722,2009-07-08,Cooling,12:15:00
1457394726-0723,2009-07-08,Cooling,12:30:00
1457394726-0724,2009-07-08,Cooling,12:45:00
1457394726-0725,2009-07-08,Cooling,13:00:00
1457394726-0726,2009-07-08,Cooling,13:15:00
1457394726-0727,2009-07-08,Cooling,13:30:00
1457394726-0728,2009-07-08,Cooling,13:45:00
1457394726-0729,2009-07-08,Cooling,14:00:00
1457394726-0730,2009-07-08,Cooling,14:15:00
1457394726-0731,2009-07-08,Cooling,14:30:00
1457394726-0732,2009-07-08,Cooling,14:45:00
1457394726-0733,2009-07-08,Cooling,15:00:00
1457394726-0734,2009-07-08,Cooling,15:15:00
1457394726-0735,2009-07-08,Cooling,15:30:00
1457394726-0736,2009-07-08,Cooling,15:45:00
1457394726-0737,2009-07-08,Cooling,16:00:00
1457394726-0738,2009-07-08,Cooling,16:15:00
1457394726-0739,2009-07-08,Cooling,16:30:00
1457394726-0740,2009-07-08,Cooling,16:45:00
1457394726-0741,2009-07-08,Cooling,17:00:00
1457394726-0742,2009-07-08,Cooling,17:15:00
1457394726-0743,2009-07-08,Cooling,17:30:00
1457394726-0744,2009-07-08,Cooling,17:45:00
1457394726-0745,2009-07-08,Cooling,18:00:00
1457394726-0746,2009-07-08,Cooling,18:15:00
1457394726-0747,2009-07-08,Cooling,18:30:00
1457394726-0748,2009-07-08,Cooling,18:45:00
1457394726-0749,2009-07-08,Cooling,19:00:00
1457394726-0750,2009-07-08,Cooling,19:15:00
1457394726-0751,2009-07-08,Cooling,19:30:00
1457394726-0752,2009-07-08,Cooling,19:45:00
1457394726-0753,2009-07-08,Cooling,20:00:00
1457394726-0754,2009-07-08,Cooling,20:15:00
1457394726-0755,2009-07-08,Cooling,20:30:00
1457394726-0756,2009-07-08,Cooling,20:45:00
1457394726-0757,2009-07-08,Cooling,21:00:00
1457394726-0758,2009-07-08,Cooling,21:15:00
1457394726-0759,2009-07-08,Cooling,21:30:00
1457394726-0760,2009-07-08,Cooling,21:45:00
1457394726-0761,2009-07-08,Cooling,22:00:00
1457394726-0762,2009-07-08,Cooling,22:15:00
1457394726-0763,2009-07-08,Cooling,22:30:00
1457394726-0764,2009-07-08,Cooling,22:45:00
1457394726-0765,2009-07-08,Cooling,23:00:00
1457394726-0766,2009-07-08,Cooling,23:15:00
1457394726-0767,2009-07-08,Cooling,23:30:00
1457394726-0768,2009-07-08,Cooling,23:45:00
1457394726-0769,2009-07-09,Cooling,0:00:00
1457394726-0770,2009-07-09,Cooling,0:15:00
1457394726-0771,2009-07-09,Cooling,0:30:00
1457394726-0772,2009-07-09,Cooling,0:45:00
1457394726-0773,2009-07-09,Cooling,1:00:00
1457394726-0774,2009-07-09,Cooling,1:15:00
1457394726-0775,2009-07-09,Cooling,1:30:00
1457394726-0776,2009-07-09,Cooling,1:45:00
1457394726-0777,2009-07-09,Cooling,2:00:00
1457394726-0778,2009-07-09,Cooling,2:15:00
1457394726-0779,2009-07-09,Cooling,2:30:00
1457394726-0780,2009-07-09,Cooling,2:45:00
1457394726-0781,2009-07-09,Cooling,3:00:00
1457394726-0782,2009-07-09,Cooling,3:15:00
1457394726-0783,2009-07-09,Cooling,3:30:00
1457394726-0784,2009-07-09,Cooling,3:45:00
1457394726-0785,2009-07-09,Cooling,4:00:00
1457394726-0786,2009-07-09,Cooling,4:15:00
1457394726-0787,2009-07-09,Cooling,4:30:00
1457394726-0788,2009-07-09,Cooling,4:45:00
1457394726-0789,2009-07-09,Cooling,5:00:00
1457394726-0790,2009-07-09,Cooling,5:15:00
1457394726-0791,2009-07-09,Cooling,5:30:00
1457394726-0792,2009-07-09,Cooling,5:45:00
1457394726-0793,2009-07-09,Cooling,6:00:00
1457394726-0794,2009-07-09,Cooling,6:15:00
1457394726-0795,2009-07-09,Cooling,6:30:00
1457394726-0796,2009-07-09,Cooling,6:45:00
1457394726-0797,2009-07-09,Cooling,7:00:00
1457394726-0798,2009-07-09,Cooling,7:15:00
1457394726-0799,2009-07-09,Cooling,7:30:00
1457394726-0800,2009-07-09,Cooling,7:45:00
1457394726-0801,2009-07-09,Cooling,8:00:00
1457394726-0802,2009-07-09,Cooling,8:15:00
1457394726-0803,2009-07-09,Cooling,8:30:00
1457394726-0804,2009-07-09,Cooling,8:45:00
1457394726-0805,2009-07-09,Cooling,9:00:00
1457394726-0806,2009-07-09,Cooling,9:15:00
1457394726-0807,2009-07-09,Cooling,9:30:00
1457394726-0808,2009-07-09,Cooling,9:45:00
1457394726-0809,2009-07-09,Cooling,10:00:00
1457394726-0810,2009-07-09,Cooling,10:15:00
1457394726-0811,2009-07-09,Cooling,10:30:00
1457394726-0812,2009-07-09,Cooling,10:45:00
1457394726-0813,2009-07-09,Cooling,11:00:00
1457394726-0814,2009-07-09,Cooling,11:15:00
1457394726-0815,2009-07-09,Cooling,11:30:00
1457394726-0816,2009-07-09,Cooling,11:45:00
1457394726-0817,2009-07-09,Cooling,12:00:00
1457394726-0818,2009-07-09,Cooling,12:15:00
1457394726-0819,2009-07-09,Cooling,12:30:00
1457394726-0820,2009-07-09,Cooling,12:45:00
1457394726-0821,2009-07-09,Cooling,13:00:00
1457394726-0822,2009-07-09,Cooling,13:15:00
1457394726-0823,2009-07-09,Cooling,13:30:00
1457394726-0824,2009-07-09,Cooling,13:45:00
1457394726-0825,2009-07-09,Cooling,14:00:00
1457394726-0826,2009-07-09,Cooling,14:15:00
1457394726-0827,2009-07-09,Cooling,14:30:00
1457394726-0828,2009-07-09,Cooling,14:45:00
1457394726-0829,2009-07-09,Cooling,15:00:00
1457394726-0830,2009-07-09,Cooling,15:15:00
1457394726-0831,2009-07-09,Cooling,15:30:00
1457394726-0832,2009-07-09,Cooling,15:45:00
1457394726-0833,2009-07-09,Cooling,16:00:00
1457394726-0834,2009-07-09,Cooling,16:15:00
1457394726-0835,2009-07-09,Cooling,16:30:00
1457394726-0836,2009-07-09,Cooling,16:45:00
1457394726-0837,2009-07-09,Cooling,17:00:00
1457394726-0838,2009-07-09,Cooling,17:15:00
1457394726-0839,2009-07-09,Cooling,17:30:00
1457394726-0840,2009-07-09,Cooling,17:45:00
1457394726-0841,2009-07-09,Cooling,18:00:00
1457394726-0842,2009-07-09,Cooling,18:15:00
1457394726-0843,2009-07-09,Cooling,18:30:00
1457394726-0844,2009-07-09,Cooling,18:45:00
1457394726-0845,2009-07-09,Cooling,19:00:00
1457394726-0846,2009-07-09,Cooling,19:15:00
1457394726-0847,2009-07-09,Cooling,19:30:00
1457394726-0848,2009-07-09,Cooling,19:45:00
1457394726-0849,2009-07-09,Cooling,20:00:00
1457394726-0850,2009-07-09,Cooling,20:15:00
1457394726-0851,2009-07-09,Cooling,20:30:00
1457394726-0852,2009-07-09,Cooling,20:45:00
1457394726-0853,2009-07-09,Cooling,21:00:00
1457394726-0854,2009-07-09,Cooling,21:15:00
1457394726-0855,2009-07-09,Cooling,21:30:00
1457394726-0856,2009-07-09,Cooling,21:45:00
1457394726-0857,2009-07-09,Cooling,22:00:00
1457394726-0858,2009-07-09,Cooling,22:15:00
1457394726-0859,2009-07-09,Cooling,22:30:00
1457394726-0860,2009-07-09,Cooling,22:45:00
1457394726-0861,2009-07-09,Cooling,23:00:00
1457394726-0862,2009-07-09,Cooling,23:15:00
1457394726-0863,2009-07-09,Cooling,23:30:00
1457394726-0864,2009-07-09,Cooling,23:45:00
1457394745-0001,2011-01-01,Heating,0:00:00
1457394745-0002,2011-01-01,Heating,0:15:00
1457394745-0003,2011-01-01,Heating,0:30:00
1457394745-0004,2011-01-01,Heating,0:45:00
1457394745-0005,2011-01-01,Heating,1:00:00
1457394745-0006,2011-01-01,Heating,1:15:00
1457394745-0007,2011-01-01,Heating,1:30:00
1457394745-0008,2011-01-01,Heating,1:45:00
1457394745-0009,2011-01-01,Heating,2:00:00
1457394745-0010,2011-01-01,Heating,2:15:00
1457394745-0011,2011-01-01,Heating,2:30:00
1457394745-0012,2011-01-01,Heating,2:45:00
1457394745-0013,2011-01-01,Heating,3:00:00
1457394745-0014,2011-01-01,Heating,3:15:00
1457394745-0015,2011-01-01,Heating,3:30:00
1457394745-0016,2011-01-01,Heating,3:45:00
1457394745-0017,2011-01-01,Heating,4:00:00
1457394745-0018,2011-01-01,Heating,4:15:00
1457394745-0019,2011-01-01,Heating,4:30:00
1457394745-0020,2011-01-01,Heating,4:45:00
1457394745-0021,2011-01-01,Heating,5:00:00
1457394745-0022,2011-01-01,Heating,5:15:00
1457394745-0023,2011-01-01,Heating,5:30:00
1457394745-0024,2011-01-01,Heating,5:45:00
1457394745-0025,2011-01-01,Heating,6:00:00
1457394745-0026,2011-01-01,Heating,6:15:00
1457394745-0027,2011-01-01,Heating,6:30:00
1457394745-0028,2011-01-01,Heating,6:45:00
1457394745-0029,2011-01-01,Heating,7:00:00
1457394745-0030,2011-01-01,Heating,7:15:00
1457394745-0031,2011-01-01,Heating,7:30:00
1457394745-0032,2011-01-01,Heating,7:45:00
1457394745-0033,2011-01-01,Heating,8:00:00
1457394745-0034,2011-01-01,Heating,8:15:00
1457394745-0035,2011-01-01,Heating,8:30:00
1457394745-0036,2011-01-01,Heating,8:45:00
1457394745-0037,2011-01-01,Heating,9:00:00
1457394745-0038,2011-01-01,Heating,9:15:00
1457394745-0039,2011-01-01,Heating,9:30:00
1457394745-0040,2011-01-01,Heating,9:45:00
1457394745-0041,2011-01-01,Heating,10:00:00
1457394745-0042,2011-01-01,Heating,10:15:00
1457394745-0043,2011-01-01,Heating,10:30:00
1457394745-0044,2011-01-01,Heating,10:45:00
1457394745-0045,2011-01-01,Heating,11:00:00
1457394745-0046,2011-01-01,Heating,11:15:00
1457394745-0047,2011-01-01,Heating,11:30:00
1457394745-0048,2011-01-01,Heating,11:45:00
1457394745-0049,2011-01-01,Heating,12:00:00
1457394745-0050,2011-01-01,Heating,12:15:00
1457394745-0051,2011-01-01,Heating,12:30:00
1457394745-0052,2011-01-01,Heating,12:45:00
1457394745-0053,2011-01-01,Heating,13:00:00
1457394745-0054,2011-01-01,Heating,13:15:00
1457394745-0055,2011-01-01,Heating,13:30:00
1457394745-0056,2011-01-01,Heating,13:45:00
1457394745-0057,2011-01-01,Heating,14:00:00
1457394745-0058,2011-01-01,Heating,14:15:00
1457394745-0059,2011-01-01,Heating,14:30:00
1457394745-0060,2011-01-01,Heating,14:45:00
1457394745-0061,2011-01-01,Heating,15:00:00
1457394745-0062,2011-01-01,Heating,15:15:00
1457394745-0063,2011-01-01,Heating,15:30:00
1457394745-0064,2011-01-01,Heating,15:45:00
1457394745-0065,2011-01-01,Heating,16:00:00
1457394745-0066,2011-01-01,Heating,16:15:00
1457394745-0067,2011-01-01,Heating,16:30:00
1457394745-0068,2011-01-01,Heating,16:45:00
1457394745-0069,2011-01-01,Heating,17:00:00
1457394745-0070,2011-01-01,Heating,17:15:00
1457394745-0071,2011-01-01,Heating,17:30:00
1457394745-0072,2011-01-01,Heating,17:45:00
1457394745-0073,2011-01-01,Heating,18:00:00
1457394745-0074,2011-01-01,Heating,18:15:00
1457394745-0075,2011-01-01,Heating,18:30:00
1457394745-0076,2011-01-01,Heating,18:45:00
1457394745-0077,2011-01-01,Heating,19:00:00
1457394745-0078,2011-01-01,Heating,19:15:00
1457394745-0079,2011-01-01,Heating,19:30:00
1457394745-0080,2011-01-01,Heating,19:45:00
1457394745-0081,2011-01-01,Heating,20:00:00
1457394745-0082,2011-01-01,Heating,20:15:00
1457394745-0083,2011-01-01,Heating,20:30:00
1457394745-0084,2011-01-01,Heating,20:45:00
1457394745-0085,2011-01-01,Heating,21:00:00
1457394745-0086,2011-01-01,Heating,21:15:00
1457394745-0087,2011-01-01,Heating,21:30:00
1457394745-0088,2011-01-01,Heating,21:45:00
1457394745-0089,2011-01-01,Heating,22:00:00
1457394745-0090,2011-01-01,Heating,22:15:00
1457394745-0091,2011-01-01,Heating,22:30:00
1457394745-0092,2011-01-01,Heating,22:45:00
1457394745-0093,2011-01-01,Heating,23:00:00
1457394745-0094,2011-01-01,Heating,23:15:00
1457394745-0095,2011-01-01,Heating,23:30:00
1457394745-0096,2011-01-01,Heating,23:45:00
2465822696-0001,2018-06-04,Cooling,0:00:00
2465822696-0002,2018-06-04,Cooling,0:15:00
2465822696-0003,2018-06-04,Cooling,0:30:00
2465822696-0004,2018-06-04,Cooling,0:45:00
2465822696-0005,2018-06-04,Cooling,1:00:00
2465822696-0006,2018-06-04,Cooling,1:15:00
2465822696-0007,2018-06-04,Cooling,1:30:00
2465822696-0008,2018-06-04,Cooling,1:45:00
2465822696-0009,2018-06-04,Cooling,2:00:00
2465822696-0010,2018-06-04,Cooling,2:15:00
2465822696-0011,2018-06-04,Cooling,2:30:00
2465822696-0012,2018-06-04,Cooling,2:45:00
2465822696-0013,2018-06-04,Cooling,3:00:00
2465822696-0014,2018-06-04,Cooling,3:15:00
2465822696-0015,2018-06-04,Cooling,3:30:00
2465822696-0016,2018-06-04,Cooling,3:45:00
2465822696-0017,2018-06-04,Cooling,4:00:00
2465822696-0018,2018-06-04,Cooling,4:15:00
2465822696-0019,2018-06-04,Cooling,4:30:00
2465822696-0020,2018-06-04,Cooling,4:45:00
2465822696-0021,2018-06-04,Cooling,5:00:00
2465822696-0022,2018-06-04,Cooling,5:15:00
2465822696-0023,2018-06-04,Cooling,5:30:00
2465822696-0024,2018-06-04,Cooling,5:45:00
2465822696-0025,2018-06-04,Cooling,6:00:00
2465822696-0026,2018-06-04,Cooling,6:15:00
2465822696-0027,2018-06-04,Cooling,6:30:00
2465822696-0028,2018-06-04,Cooling,6:45:00
2465822696-0029,2018-06-04,Cooling,7:00:00
2465822696-0030,2018-06-04,Cooling,7:15:00
2465822696-0031,2018-06-04,Cooling,7:30:00
2465822696-0032,2018-06-04,Cooling,7:45:00
2465822696-0033,2018-06-04,Cooling,8:00:00
2465822696-0034,2018-06-04,Cooling,8:15:00
2465822696-0035,2018-06-04,Cooling,8:30:00
2465822696-0036,2018-06-04,Cooling,8:45:00
2465822696-0037,2018-06-04,Cooling,9:00:00
2465822696-0038,2018-06-04,Cooling,9:15:00
2465822696-0039,2018-06-04,Cooling,9:30:00
2465822696-0040,2018-06-04,Cooling,9:45:00
2465822696-0041,2018-06-04,Cooling,10:00:00
2465822696-0042,2018-06-04,Cooling,10:15:00
2465822696-0043,2018-06-04,Cooling,10:30:00
2465822696-0044,2018-06-04,Cooling,10:45:00
2465822696-0045,2018-06-04,Cooling,11:00:00
2465822696-0046,2018-06-04,Cooling,11:15:00
2465822696-0047,2018-06-04,Cooling,11:30:00
2465822696-0048,2018-06-04,Cooling,11:45:00
2465822696-0049,2018-06-04,Cooling,12:00:00
2465822696-0050,2018-06-04,Cooling,12:15:00
2465822696-0051,2018-06-04,Cooling,12:30:00
2465822696-0052,2018-06-04,Cooling,12:45:00
2465822696-0053,2018-06-04,Cooling,13:00:00
2465822696-0054,2018-06-04,Cooling,13:15:00
2465822696-0055,2018-06-04,Cooling,13:30:00
2465822696-0056,2018-06-04,Cooling,13:45:00
2465822696-0057,2018-06-04,Cooling,14:00:00
2465822696-0058,2018-06-04,Cooling,14:15:00
2465822696-0059,2018-06-04,Cooling,14:30:00
2465822696-0060,2018-06-04,Cooling,14:45:00
2465822696-0061,2018-06-04,Cooling,15:00:00
2465822696-0062,2018-06-04,Cooling,15:15:00
2465822696-0063,2018-06-04,Cooling,15:30:00
2465822696-0064,2018-06-04,Cooling,15:45:00
2465822696-0065,2018-06-04,Cooling,16:00:00
2465822696-0066,2018-06-04,Cooling,16:15:00
2465822696-0067,2018-06-04,Cooling,16:30:00
2465822696-0068,2018-06-04,Cooling,16:45:00
2465822696-0069,2018-06-04,Cooling,17:00:00
2465822696-0070,2018-06-04,Cooling,17:15:00
2465822696-0071,2018-06-04,Cooling,17:30:00
2465822696-0072,2018-06-04,Cooling,17:45:00
2465822696-0073,2018-06-04,Cooling,18:00:00
2465822696-0074,2018-06-04,Cooling,18:15:00
2465822696-0075,2018-06-04,Cooling,18:30:00
2465822696-0076,2018-06-04,Cooling,18:45:00
2465822696-0077,2018-06-04,Cooling,19:00:00
2465822696-0078,2018-06-04,Cooling,19:15:00
2465822696-0079,2018-06-04,Cooling,19:30:00
2465822696-0080,2018-06-04,Cooling,19:45:00
2465822696-0081,2018-06-04,Cooling,20:00:00
2465822696-0082,2018-06-04,Cooling,20:15:00
2465822696-0083,2018-06-04,Cooling,20:30:00
2465822696-0084,2018-06-04,Cooling,20:45:00
2465822696-0085,2018-06-04,Cooling,21:00:00
2465822696-0086,2018-06-04,Cooling,21:15:00
2465822696-0087,2018-06-04,Cooling,21:30:00
2465822696-0088,2018-06-04,Cooling,21:45:00
2465822696-0089,2018-06-04,Cooling,22:00:00
2465822696-0090,2018-06-04,Cooling,22:15:00
2465822696-0091,2018-06-04,Cooling,22:30:00
2465822696-0092,2018-06-04,Cooling,22:45:00
2465822696-0093,2018-06-04,Cooling,23:00:00
2465822696-0094,2018-06-04,Cooling,23:15:00
2465822696-0095,2018-06-04,Cooling,23:30:00
2465822696-0096,2018-06-04,Cooling,23:45:00
4396736669-0001,2019-04-01,Cooling,0:00:00
4396736669-0002,2019-04-01,Cooling,0:15:00
4396736669-0003,2019-04-01,Cooling,0:30:00
2467443879-0001,2016-02-15,Heating,0:00:00
2467443879-0002,2016-02-15,Heating,0:15:00
2467443879-0003,2016-02-15,Heating,0:30:00
2389029753-0001,2016-08-01,Cooling,0:00:00
2389029753-0002,2016-08-01,Cooling,0:15:00
2389029753-0003,2016-08-01,Cooling,0:30:00
