Portfolio Manager Meter ID,Meter Consumption ID
31548254,1457394726-0001
31548254,1457394726-0002
31548254,1457394726-0003
31548254,1457394726-0004
31548254,1457394726-0005
31548254,1457394726-0006
31548254,1457394726-0007
31548254,1457394726-0008
31548254,1457394726-0009
31548254,1457394726-0010
31548254,1457394726-0011
31548254,1457394726-0012
31548254,1457394726-0013
31548254,1457394726-0014
31548254,1457394726-0015
31548254,1457394726-0016
31548254,1457394726-0017
31548254,1457394726-0018
31548254,1457394726-0019
31548254,1457394726-0020
31548254,1457394726-0021
31548254,1457394726-0022
31548254,1457394726-0023
31548254,1457394726-0024
31548254,1457394726-0025
31548254,1457394726-0026
31548254,1457394726-0027
31548254,1457394726-0028
31548254,1457394726-0029
31548254,1457394726-0030
31548254,1457394726-0031
31548254,1457394726-0032
31548254,1457394726-0033
31548254,1457394726-0034
31548254,1457394726-0035
31548254,1457394726-0036
31548254,1457394726-0037
31548254,1457394726-0038
31548254,1457394726-0039
31548254,1457394726-0040
31548254,1457394726-0041
31548254,1457394726-0042
31548254,1457394726-0043
31548254,1457394726-0044
31548254,1457394726-0045
31548254,1457394726-0046
31548254,1457394726-0047
31548254,1457394726-0048
31548254,1457394726-0049
31548254,1457394726-0050
31548254,1457394726-0051
31548254,1457394726-0052
31548254,1457394726-0053
31548254,1457394726-0054
31548254,1457394726-0055
31548254,1457394726-0056
31548254,1457394726-0057
31548254,1457394726-0058
31548254,1457394726-0059
31548254,1457394726-0060
31548254,1457394726-0061
31548254,1457394726-0062
31548254,1457394726-0063
31548254,1457394726-0064
31548254,1457394726-0065
31548254,1457394726-0066
31548254,1457394726-0067
31548254,1457394726-0068
31548254,1457394726-0069
31548254,1457394726-0070
31548254,1457394726-0071
31548254,1457394726-0072
31548254,1457394726-0073
31548254,1457394726-0074
31548254,1457394726-0075
31548254,1457394726-0076
31548254,1457394726-0077
31548254,1457394726-0078
31548254,1457394726-0079
31548254,1457394726-0080
31548254,1457394726-0081
31548254,1457394726-0082
31548254,1457394726-0083
31548254,1457394726-0084
31548254,1457394726-0085
31548254,1457394726-0086
31548254,1457394726-0087
31548254,1457394726-0088
31548254,1457394726-0089
31548254,1457394726-0090
31548254,1457394726-0091
31548254,1457394726-0092
31548254,1457394726-0093
31548254,1457394726-0094
31548254,1457394726-0095
31548254,1457394726-0096
31548254,1457394726-0097
31548254,1457394726-0098
31548254,1457394726-0099
31548254,1457394726-0100
31548254,1457394726-0101
31548254,1457394726-0102
31548254,1457394726-0103
31548254,1457394726-0104
31548254,1457394726-0105
31548254,1457394726-0106
31548254,1457394726-0107
31548254,1457394726-0108
31548254,1457394726-0109
31548254,1457394726-0110
31548254,1457394726-0111
31548254,1457394726-0112
31548254,1457394726-0113
31548254,1457394726-0114
31548254,1457394726-0115
31548254,1457394726-0116
31548254,1457394726-0117
31548254,1457394726-0118
31548254,1457394726-0119
31548254,1457394726-0120
31548254,1457394726-0121
31548254,1457394726-0122
31548254,1457394726-0123
31548254,1457394726-0124
31548254,1457394726-0125
31548254,1457394726-0126
31548254,1457394726-0127
31548254,1457394726-0128
31548254,1457394726-0129
31548254,1457394726-0130
31548254,1457394726-0131
31548254,1457394726-0132
31548254,1457394726-0133
31548254,1457394726-0134
31548254,1457394726-0135
31548254,1457394726-0136
31548254,1457394726-0137
31548254,1457394726-0138
31548254,1457394726-0139
31548254,1457394726-0140
31548254,1457394726-0141
31548254,1457394726-0142
31548254,1457394726-0143
31548254,1457394726-0144
31548254,1457394726-0145
31548254,1457394726-0146
31548254,1457394726-0147
31548254,1457394726-0148
31548254,1457394726-0149
31548254,1457394726-0150
31548254,1457394726-0151
31548254,1457394726-0152
31548254,1457394726-0153
31548254,1457394726-0154
31548254,1457394726-0155
31548254,1457394726-0156
31548254,1457394726-0157
31548254,1457394726-0158
31548254,1457394726-0159
31548254,1457394726-0160
31548254,1457394726-0161
31548254,1457394726-0162
31548254,1457394726-0163
31548254,1457394726-0164
31548254,1457394726-0165
31548254,1457394726-0166
31548254,1457394726-0167
31548254,1457394726-0168
31548254,1457394726-0169
31548254,1457394726-0170
31548254,1457394726-0171
31548254,1457394726-0172
31548254,1457394726-0173
31548254,1457394726-0174
31548254,1457394726-0175
31548254,1457394726-0176
31548254,1457394726-0177
31548254,1457394726-0178
31548254,1457394726-0179
31548254,1457394726-0180
31548254,1457394726-0181
31548254,1457394726-0182
31548254,1457394726-0183
31548254,1457394726-0184
31548254,1457394726-0185
31548254,1457394726-0186
31548254,1457394726-0187
31548254,1457394726-0188
31548254,1457394726-0189
31548254,1457394726-0190
31548254,1457394726-0191
31548254,1457394726-0192
31548254,1457394726-0193
31548254,1457394726-0194
31548254,1457394726-0195
31548254,1457394726-0196
31548254,1457394726-0197
31548254,1457394726-0198
31548254,1457394726-0199
31548254,1457394726-0200
31548254,1457394726-0201
31548254,1457394726-0202
31548254,1457394726-0203
31548254,1457394726-0204
31548254,1457394726-0205
31548254,1457394726-0206
31548254,1457394726-0207
31548254,1457394726-0208
31548254,1457394726-0209
31548254,1457394726-0210
31548254,1457394726-0211
31548254,1457394726-0212
31548254,1457394726-0213
31548254,1457394726-0214
31548254,1457394726-0215
31548254,1457394726-0216
31548254,1457394726-0217
31548254,1457394726-0218
31548254,1457394726-0219
31548254,1457394726-0220
31548254,1457394726-0221
31548254,1457394726-0222
31548254,1457394726-0223
31548254,1457394726-0224
31548254,1457394726-0225
31548254,1457394726-0226
31548254,1457394726-0227
31548254,1457394726-0228
31548254,1457394726-0229
31548254,1457394726-0230
31548254,1457394726-0231
31548254,1457394726-0232
31548254,1457394726-0233
31548254,1457394726-0234
31548254,1457394726-0235
31548254,1457394726-0236
31548254,1457394726-0237
31548254,1457394726-0238
31548254,1457394726-0239
31548254,1457394726-0240
31548254,1457394726-0241
31548254,1457394726-0242
31548254,1457394726-0243
31548254,1457394726-0244
31548254,1457394726-0245
31548254,1457394726-0246
31548254,1457394726-0247
31548254,1457394726-0248
31548254,1457394726-0249
31548254,1457394726-0250
31548254,1457394726-0251
31548254,1457394726-0252
31548254,1457394726-0253
31548254,1457394726-0254
31548254,1457394726-0255
31548254,1457394726-0256
31548254,1457394726-0257
31548254,1457394726-0258
31548254,1457394726-0259
31548254,1457394726-0260
31548254,1457394726-0261
31548254,1457394726-0262
31548254,1457394726-0263
31548254,1457394726-0264
31548254,1457394726-0265
31548254,1457394726-0266
31548254,1457394726-0267
31548254,1457394726-0268
31548254,1457394726-0269
31548254,1457394726-0270
31548254,1457394726-0271
31548254,1457394726-0272
31548254,1457394726-0273
31548254,1457394726-0274
31548254,1457394726-0275
31548254,1457394726-0276
31548254,1457394726-0277
31548254,1457394726-0278
31548254,1457394726-0279
31548254,1457394726-0280
31548254,1457394726-0281
31548254,1457394726-0282
31548254,1457394726-0283
31548254,1457394726-0284
31548254,1457394726-0285
31548254,1457394726-0286
31548254,1457394726-0287
31548254,1457394726-0288
31548254,1457394726-0289
31548254,1457394726-0290
31548254,1457394726-0291
31548254,1457394726-0292
31548254,1457394726-0293
31548254,1457394726-0294
31548254,1457394726-0295
31548254,1457394726-0296
31548254,1457394726-0297
31548254,1457394726-0298
31548254,1457394726-0299
31548254,1457394726-0300
31548254,1457394726-0301
31548254,1457394726-0302
31548254,1457394726-0303
31548254,1457394726-0304
31548254,1457394726-0305
31548254,1457394726-0306
31548254,1457394726-0307
31548254,1457394726-0308
31548254,1457394726-0309
31548254,1457394726-0310
31548254,1457394726-0311
31548254,1457394726-0312
31548254,1457394726-0313
31548254,1457394726-0314
31548254,1457394726-0315
31548254,1457394726-0316
31548254,1457394726-0317
31548254,1457394726-0318
31548254,1457394726-0319
31548254,1457394726-0320
31548254,1457394726-0321
31548254,1457394726-0322
31548254,1457394726-0323
31548254,1457394726-0324
31548254,1457394726-0325
31548254,1457394726-0326
31548254,1457394726-0327
31548254,1457394726-0328
31548254,1457394726-0329
31548254,1457394726-0330
31548254,1457394726-0331
31548254,1457394726-0332
31548254,1457394726-0333
31548254,1457394726-0334
31548254,1457394726-0335
31548254,1457394726-0336
31548254,1457394726-0337
31548254,1457394726-0338
31548254,1457394726-0339
31548254,1457394726-0340
31548254,1457394726-0341
31548254,1457394726-0342
31548254,1457394726-0343
31548254,1457394726-0344
31548254,1457394726-0345
31548254,1457394726-0346
31548254,1457394726-0347
31548254,1457394726-0348
31548254,1457394726-0349
31548254,1457394726-0350
31548254,1457394726-0351
31548254,1457394726-0352
31548254,1457394726-0353
31548254,1457394726-0354
31548254,1457394726-0355
31548254,1457394726-0356
31548254,1457394726-0357
31548254,1457394726-0358
31548254,1457394726-0359
31548254,1457394726-0360
31548254,1457394726-0361
31548254,1457394726-0362
31548254,1457394726-0363
31548254,1457394726-0364
31548254,1457394726-0365
31548254,1457394726-0366
31548254,1457394726-0367
31548254,1457394726-0368
31548254,1457394726-0369
31548254,1457394726-0370
31548254,1457394726-0371
31548254,1457394726-0372
31548254,1457394726-0373
31548254,1457394726-0374
31548254,1457394726-0375
31548254,1457394726-0376
31548254,1457394726-0377
31548254,1457394726-0378
31548254,1457394726-0379
31548254,1457394726-0380
31548254,1457394726-0381
31548254,1457394726-0382
31548254,1457394726-0383
31548254,1457394726-0384
31548254,1457394726-0385
31548254,1457394726-0386
31548254,1457394726-0387
31548254,1457394726-0388
31548254,1457394726-0389
31548254,1457394726-0390
31548254,1457394726-0391
31548254,1457394726-0392
31548254,1457394726-0393
31548254,1457394726-0394
31548254,1457394726-0395
31548254,1457394726-0396
31548254,1457394726-0397
31548254,1457394726-0398
31548254,1457394726-0399
31548254,1457394726-0400
31548254,1457394726-0401
31548254,1457394726-0402
31548254,1457394726-0403
31548254,1457394726-0404
31548254,1457394726-0405
31548254,1457394726-0406
31548254,1457394726-0407
31548254,1457394726-0408
31548254,1457394726-0409
31548254,1457394726-0410
31548254,1457394726-0411
31548254,1457394726-0412
31548254,1457394726-0413
31548254,1457394726-0414
31548254,1457394726-0415
31548254,1457394726-0416
31548254,1457394726-0417
31548254,1457394726-0418
31548254,1457394726-0419
31548254,1457394726-0420
31548254,1457394726-0421
31548254,1457394726-0422
31548254,1457394726-0423
31548254,1457394726-0424
31548254,1457394726-0425
31548254,1457394726-0426
31548254,1457394726-0427
31548254,1457394726-0428
31548254,1457394726-0429
31548254,1457394726-0430
31548254,1457394726-0431
31548254,1457394726-0432
31548254,1457394726-0433
31548254,1457394726-0434
31548254,1457394726-0435
31548254,1457394726-0436
31548254,1457394726-0437
31548254,1457394726-0438
31548254,1457394726-0439
31548254,1457394726-0440
31548254,1457394726-0441
31548254,1457394726-0442
31548254,1457394726-0443
31548254,1457394726-0444
31548254,1457394726-0445
31548254,1457394726-0446
31548254,1457394726-0447
31548254,1457394726-0448
31548254,1457394726-0449
31548254,1457394726-0450
31548254,1457394726-0451
31548254,1457394726-0452
31548254,1457394726-0453
31548254,1457394726-0454
31548254,1457394726-0455
31548254,1457394726-0456
31548254,1457394726-0457
31548254,1457394726-0458
31548254,1457394726-0459
31548254,1457394726-0460
31548254,1457394726-0461
31548254,1457394726-0462
31548254,1457394726-0463
31548254,1457394726-0464
31548254,1457394726-0465
31548254,1457394726-0466
31548254,1457394726-0467
31548254,1457394726-0468
31548254,1457394726-0469
31548254,1457394726-0470
31548254,1457394726-0471
31548254,1457394726-0472
31548254,1457394726-0473
31548254,1457394726-0474
31548254,1457394726-0475
31548254,1457394726-0476
31548254,1457394726-0477
31548254,1457394726-0478
31548254,1457394726-0479
31548254,1457394726-0480
31548254,1457394726-0481
31548254,1457394726-0482
31548254,1457394726-0483
31548254,1457394726-0484
31548254,1457394726-0485
31548254,1457394726-0486
31548254,1457394726-0487
31548254,1457394726-0488
31548254,1457394726-0489
31548254,1457394726-0490
31548254,1457394726-0491
31548254,1457394726-0492
31548254,1457394726-0493
31548254,1457394726-0494
31548254,1457394726-0495
31548254,1457394726-0496
31548254,1457394726-0497
31548254,1457394726-0498
31548254,1457394726-0499
31548254,1457394726-0500
31548254,1457394726-0501
31548254,1457394726-0502
31548254,1457394726-0503
31548254,1457394726-0504
31548254,1457394726-0505
31548254,1457394726-0506
31548254,1457394726-0507
31548254,1457394726-0508
31548254,1457394726-0509
31548254,1457394726-0510
31548254,1457394726-0511
31548254,1457394726-0512
31548254,1457394726-0513
31548254,1457394726-0514
31548254,1457394726-0515
31548254,1457394726-0516
31548254,1457394726-0517
31548254,1457394726-0518
31548254,1457394726-0519
31548254,1457394726-0520
31548254,1457394726-0521
31548254,1457394726-0522
31548254,1457394726-0523
31548254,1457394726-0524
31548254,1457394726-0525
31548254,1457394726-0526
31548254,1457394726-0527
31548254,1457394726-0528
31548254,1457394726-0529
31548254,1457394726-0530
31548254,1457394726-0531
31548254,1457394726-0532
31548254,1457394726-0533
31548254,1457394726-0534
31548254,1457394726-0535
31548254,1457394726-0536
31548254,1457394726-0537
31548254,1457394726-0538
31548254,1457394726-0539
31548254,1457394726-0540
31548254,1457394726-0541
31548254,1457394726-0542
31548254,1457394726-0543
31548254,1457394726-0544
31548254,1457394726-0545
31548254,1457394726-0546
31548254,1457394726-0547
31548254,1457394726-0548
31548254,1457394726-0549
31548254,1457394726-0550
31548254,1457394726-0551
31548254,1457394726-0552
31548254,1457394726-0553
31548254,1457394726-0554
31548254,1457394726-0555
31548254,1457394726-0556
31548254,1457394726-0557
31548254,1457394726-0558
31548254,1457394726-0559
31548254,1457394726-0560
31548254,1457394726-0561
31548254,1457394726-0562
31548254,1457394726-0563
31548254,1457394726-0564
31548254,1457394726-0565
31548254,1457394726-0566
31548254,1457394726-0567
31548254,1457394726-0568
31548254,1457394726-0569
31548254,1457394726-0570
31548254,1457394726-0571
31548254,1457394726-0572
31548254,1457394726-0573
31548254,1457394726-0574
31548254,1457394726-0575
31548254,1457394726-0576
31548254,1457394726-0577
31548254,1457394726-0578
31548254,1457394726-0579
31548254,1457394726-0580
31548254,1457394726-0581
31548254,1457394726-0582
31548254,1457394726-0583
31548254,1457394726-0584
31548254,1457394726-0585
31548254,1457394726-0586
31548254,1457394726-0587
31548254,1457394726-0588
31548254,1457394726-0589
31548254,1457394726-0590
31548254,1457394726-0591
31548254,1457394726-0592
31548254,1457394726-0593
31548254,1457394726-0594
31548254,1457394726-0595
31548254,1457394726-0596
31548254,1457394726-0597
31548254,1457394726-0598
31548254,1457394726-0599
31548254,1457394726-0600
31548254,1457394726-0601
31548254,1457394726-0602
31548254,1457394726-0603
31548254,1457394726-0604
31548254,1457394726-0605
31548254,1457394726-0606
31548254,1457394726-0607
31548254,1457394726-0608
31548254,1457394726-0609
31548254,1457394726-0610
31548254,1457394726-0611
31548254,1457394726-0612
31548254,1457394726-0613
31548254,1457394726-0614
31548254,1457394726-0615
31548254,1457394726-0616
31548254,1457394726-0617
31548254,1457394726-0618
31548254,1457394726-0619
31548254,1457394726-0620
31548254,1457394726-0621
31548254,1457394726-0622
31548254,1457394726-0623
31548254,1457394726-0624
31548254,1457394726-0625
31548254,1457394726-0626
31548254,1457394726-0627
31548254,1457394726-0628
31548254,1457394726-0629
31548254,1457394726-0630
31548254,1457394726-0631
31548254,1457394726-0632
31548254,1457394726-0633
31548254,1457394726-0634
31548254,1457394726-0635
31548254,1457394726-0636
31548254,1457394726-0637
31548254,1457394726-0638
31548254,1457394726-0639
31548254,1457394726-0640
31548254,1457394726-0641
31548254,1457394726-0642
31548254,1457394726-0643
31548254,1457394726-0644
31548254,1457394726-0645
31548254,1457394726-0646
31548254,1457394726-0647
31548254,1457394726-0648
31548254,1457394726-0649
31548254,1457394726-0650
31548254,1457394726-0651
31548254,1457394726-0652
31548254,1457394726-0653
31548254,1457394726-0654
31548254,1457394726-0655
31548254,1457394726-0656
31548254,1457394726-0657
31548254,1457394726-0658
31548254,1457394726-0659
31548254,1457394726-0660
31548254,1457394726-0661
31548254,1457394726-0662
31548254,1457394726-0663
31548254,1457394726-0664
31548254,1457394726-0665
31548254,1457394726-0666
31548254,1457394726-0667
31548254,1457394726-0668
31548254,1457394726-0669
31548254,1457394726-0670
31548254,1457394726-0671
31548254,1457394726-0672
31548254,1457394726-0673
31548254,1457394726-0674
31548254,1457394726-0675
31548254,1457394726-0676
31548254,1457394726-0677
31548254,1457394726-0678
31548254,1457394726-0679
31548254,1457394726-0680
31548254,1457394726-0681
31548254,1457394726-0682
31548254,1457394726-0683
31548254,1457394726-0684
31548254,1457394726-0685
31548254,1457394726-0686
31548254,1457394726-0687
31548254,1457394726-0688
31548254,1457394726-0689
31548254,1457394726-0690
31548254,1457394726-0691
31548254,1457394726-0692
31548254,1457394726-0693
31548254,1457394726-0694
31548254,1457394726-0695
31548254,1457394726-0696
31548254,1457394726-0697
31548254,1457394726-0698
31548254,1457394726-0699
31548254,1457394726-0700
31548254,1457394726-0701
31548254,1457394726-0702
31548254,1457394726-0703
31548254,1457394726-0704
31548254,1457394726-0705
31548254,1457394726-0706
31548254,1457394726-0707
31548254,1457394726-0708
31548254,1457394726-0709
31548254,1457394726-0710
31548254,1457394726-0711
31548254,1457394726-0712
31548254,1457394726-0713
31548254,1457394726-0714
31548254,1457394726-0715
31548254,1457394726-0716
31548254,1457394726-0717
31548254,1457394726-0718
31548254,1457394726-0719
31548254,1457394726-0720
31548254,1457394726-0721
31548254,1457394726-0722
31548254,1457394726-0723
31548254,1457394726-0724
31548254,1457394726-0725
31548254,1457394726-0726
31548254,1457394726-0727
31548254,1457394726-0728
31548254,1457394726-0729
31548254,1457394726-0730
31548254,1457394726-0731
31548254,1457394726-0732
31548254,1457394726-0733
31548254,1457394726-0734
31548254,1457394726-0735
31548254,1457394726-0736
31548254,1457394726-0737
31548254,1457394726-0738
31548254,1457394726-0739
31548254,1457394726-0740
31548254,1457394726-0741
31548254,1457394726-0742
31548254,1457394726-0743
31548254,1457394726-0744
31548254,1457394726-0745
31548254,1457394726-0746
31548254,1457394726-0747
31548254,1457394726-0748
31548254,1457394726-0749
31548254,1457394726-0750
31548254,1457394726-0751
31548254,1457394726-0752
31548254,1457394726-0753
31548254,1457394726-0754
31548254,1457394726-0755
31548254,1457394726-0756
31548254,1457394726-0757
31548254,1457394726-0758
31548254,1457394726-0759
31548254,1457394726-0760
31548254,1457394726-0761
31548254,1457394726-0762
31548254,1457394726-0763
31548254,1457394726-0764
31548254,1457394726-0765
31548254,1457394726-0766
31548254,1457394726-0767
31548254,1457394726-0768
31548254,1457394726-0769
31548254,1457394726-0770
31548254,1457394726-0771
31548254,1457394726-0772
31548254,1457394726-0773
31548254,1457394726-0774
31548254,1457394726-0775
31548254,1457394726-0776
31548254,1457394726-0777
31548254,1457394726-0778
31548254,1457394726-0779
31548254,1457394726-0780
31548254,1457394726-0781
31548254,1457394726-0782
31548254,1457394726-0783
31548254,1457394726-0784
31548254,1457394726-0785
31548254,1457394726-0786
31548254,1457394726-0787
31548254,1457394726-0788
31548254,1457394726-0789
31548254,1457394726-0790
31548254,1457394726-0791
31548254,1457394726-0792
31548254,1457394726-0793
31548254,1457394726-0794
31548254,1457394726-0795
31548254,1457394726-0796
31548254,1457394726-0797
31548254,1457394726-0798
31548254,1457394726-0799
31548254,1457394726-0800
31548254,1457394726-0801
31548254,1457394726-0802
31548254,1457394726-0803
31548254,1457394726-0804
31548254,1457394726-0805
31548254,1457394726-0806
31548254,1457394726-0807
31548254,1457394726-0808
31548254,1457394726-0809
31548254,1457394726-0810
31548254,1457394726-0811
31548254,1457394726-0812
31548254,1457394726-0813
31548254,1457394726-0814
31548254,1457394726-0815
31548254,1457394726-0816
31548254,1457394726-0817
31548254,1457394726-0818
31548254,1457394726-0819
31548254,1457394726-0820
31548254,1457394726-0821
31548254,1457394726-0822
31548254,1457394726-0823
31548254,1457394726-0824
31548254,1457394726-0825
31548254,1457394726-0826
31548254,1457394726-0827
31548254,1457394726-0828
31548254,1457394726-0829
31548254,1457394726-0830
31548254,1457394726-0831
31548254,1457394726-0832
31548254,1457394726-0833
31548254,1457394726-0834
31548254,1457394726-0835
31548254,1457394726-0836
31548254,1457394726-0837
31548254,1457394726-0838
31548254,1457394726-0839
31548254,1457394726-0840
31548254,1457394726-0841
31548254,1457394726-0842
31548254,1457394726-0843
31548254,1457394726-0844
31548254,1457394726-0845
31548254,1457394726-0846
31548254,1457394726-0847
31548254,1457394726-0848
31548254,1457394726-0849
31548254,1457394726-0850
31548254,1457394726-0851
31548254,1457394726-0852
31548254,1457394726-0853
31548254,1457394726-0854
31548254,1457394726-0855
31548254,1457394726-0856
31548254,1457394726-0857
31548254,1457394726-0858
31548254,1457394726-0859
31548254,1457394726-0860
31548254,1457394726-0861
31548254,1457394726-0862
31548254,1457394726-0863
31548254,1457394726-0864
31548254,1457394745-0001
31548254,1457394745-0002
31548254,1457394745-0003
31548254,1457394745-0004
31548254,1457394745-0005
31548254,1457394745-0006
31548254,1457394745-0007
31548254,1457394745-0008
31548254,1457394745-0009
31548254,1457394745-0010
31548254,1457394745-0011
31548254,1457394745-0012
31548254,1457394745-0013
31548254,1457394745-0014
31548254,1457394745-0015
31548254,1457394745-0016
31548254,1457394745-0017
31548254,1457394745-0018
31548254,1457394745-0019
31548254,1457394745-0020
31548254,1457394745-0021
31548254,1457394745-0022
31548254,1457394745-0023
31548254,1457394745-0024
31548254,1457394745-0025
31548254,1457394745-0026
31548254,1457394745-0027
31548254,1457394745-0028
31548254,1457394745-0029
31548254,1457394745-0030
31548254,1457394745-0031
31548254,1457394745-0032
31548254,1457394745-0033
31548254,1457394745-0034
31548254,1457394745-0035
31548254,1457394745-0036
31548254,1457394745-0037
31548254,1457394745-0038
31548254,1457394745-0039
31548254,1457394745-0040
31548254,1457394745-0041
31548254,1457394745-0042
31548254,1457394745-0043
31548254,1457394745-0044
31548254,1457394745-0045
31548254,1457394745-0046
31548254,1457394745-0047
31548254,1457394745-0048
31548254,1457394745-0049
31548254,1457394745-0050
31548254,1457394745-0051
31548254,1457394745-0052
31548254,1457394745-0053
31548254,1457394745-0054
31548254,1457394745-0055
31548254,1457394745-0056
31548254,1457394745-0057
31548254,1457394745-0058
31548254,1457394745-0059
31548254,1457394745-0060
31548254,1457394745-0061
31548254,1457394745-0062
31548254,1457394745-0063
31548254,1457394745-0064
31548254,1457394745-0065
31548254,1457394745-0066
31548254,1457394745-0067
31548254,1457394745-0068
31548254,1457394745-0069
31548254,1457394745-0070
31548254,1457394745-0071
31548254,1457394745-0072
31548254,1457394745-0073
31548254,1457394745-0074
31548254,1457394745-0075
31548254,1457394745-0076
31548254,1457394745-0077
31548254,1457394745-0078
31548254,1457394745-0079
31548254,1457394745-0080
31548254,1457394745-0081
31548254,1457394745-0082
31548254,1457394745-0083
31548254,1457394745-0084
31548254,1457394745-0085
31548254,1457394745-0086
31548254,1457394745-0087
31548254,1457394745-0088
31548254,1457394745-0089
31548254,1457394745-0090
31548254,1457394745-0091
31548254,1457394745-0092
31548254,1457394745-0093
31548254,1457394745-0094
31548254,1457394745-0095
31548254,1457394745-0096
49327857,2465822696-0001
49327857,2465822696-0002
49327857,2465822696-0003
49327857,2465822696-0004
49327857,2465822696-0005
49327857,2465822696-0006
49327857,2465822696-0007
49327857,2465822696-0008
49327857,2465822696-0009
49327857,2465822696-0010
49327857,2465822696-0011
49327857,2465822696-0012
49327857,2465822696-0013
49327857,2465822696-0014
49327857,2465822696-0015
49327857,2465822696-0016
49327857,2465822696-0017
49327857,2465822696-0018
49327857,2465822696-0019
49327857,2465822696-0020
49327857,2465822696-0021
49327857,2465822696-0022
49327857,2465822696-0023
49327857,2465822696-0024
49327857,2465822696-0025
49327857,2465822696-0026
49327857,2465822696-0027
49327857,2465822696-0028
49327857,2465822696-0029
49327857,2465822696-0030
49327857,2465822696-0031
49327857,2465822696-0032
49327857,2465822696-0033
49327857,2465822696-0034
49327857,2465822696-0035
49327857,2465822696-0036
49327857,2465822696-0037
49327857,2465822696-0038
49327857,2465822696-0039
49327857,2465822696-0040
49327857,2465822696-0041
49327857,2465822696-0042
49327857,2465822696-0043
49327857,2465822696-0044
49327857,2465822696-0045
49327857,2465822696-0046
49327857,2465822696-0047
49327857,2465822696-0048
49327857,2465822696-0049
49327857,2465822696-0050
49327857,2465822696-0051
49327857,2465822696-0052
49327857,2465822696-0053
49327857,2465822696-0054
49327857,2465822696-0055
49327857,2465822696-0056
49327857,2465822696-0057
49327857,2465822696-0058
49327857,2465822696-0059
49327857,2465822696-0060
49327857,2465822696-0061
49327857,2465822696-0062
49327857,2465822696-0063
49327857,2465822696-0064
49327857,2465822696-0065
49327857,2465822696-0066
49327857,2465822696-0067
49327857,2465822696-0068
49327857,2465822696-0069
49327857,2465822696-0070
49327857,2465822696-0071
49327857,2465822696-0072
49327857,2465822696-0073
49327857,2465822696-0074
49327857,2465822696-0075
49327857,2465822696-0076
49327857,2465822696-0077
49327857,2465822696-0078
49327857,2465822696-0079
49327857,2465822696-0080
49327857,2465822696-0081
49327857,2465822696-0082
49327857,2465822696-0083
49327857,2465822696-0084
49327857,2465822696-0085
49327857,2465822696-0086
49327857,2465822696-0087
49327857,2465822696-0088
49327857,2465822696-0089
49327857,2465822696-0090
49327857,2465822696-0091
49327857,2465822696-0092
49327857,2465822696-0093
49327857,2465822696-0094
49327857,2465822696-0095
49327857,2465822696-0096